,城市,编号
0,朝阳,101010300
1,平谷,101011500
2,嘉定,101020500
3,崇明,101021100
4,杨浦,101021700
5,宁河,101030700
6,河西,101031300
7,巴南,101040900
8,荣昌,101042700
9,綦江,101043300
10,海林,101050302
11,绥芬河,101050305
12,东安,101050308
13,西安,101050311
14,佳木斯,101050401
15,桦川,101050404
16,富锦,101050407
17,东风,101050410
18,梅河口,101060502
19,集安,101060505
20,二道江,101060508
21,白城,101060601
22,镇赉,101060604
23,东辽,101060703
24,凌海,101070702
25,黑山,101070705
26,太和,101070708
27,营口,101070801
28,站前,101070804
29,老边,101070807
30,海州,101070903
31,清河门,101070906
32,凌源,101071203
33,龙城,101071206
34,大洼,101071302
35,兴隆台,101071305
36,呼和浩特,101080101
37,和林,101080104
38,武川,101080107
39,玉泉,101080110
40,满都拉,101080203
41,达茂旗,101080206
42,昆都仑,101080209
43,九原,101080212
44,海勃湾,101080302
45,锡林郭勒,101080902
46,朱日和,101080908
47,太仆寺,101080911
48,正蓝旗,101080914
49,乌拉盖,101080917
50,张家口,101090301
51,康保,101090304
52,蔚县,101090307
53,万全,101090310
54,赤城,101090313
55,桥西,101090316
56,承德县,101090403
57,滦平,101090406
58,宽城,101090409
59,鹰手营子矿,101090412
60,丰南,101090502
61,滦南,101090505
62,玉田,101090508
63,迁安,101090511
64,路北,101090514
65,大同,101100201
66,天镇,101100204
67,浑源,101100207
68,南郊,101100210
69,平定,101100303
70,榆林,101110401
71,佳县,101110404
72,横山,101110407
73,绥德,101110410
74,榆阳,101110413
75,潼关,101110503
76,富平,101110506
77,合阳,101110509
78,临渭,101110512
79,洛南,101110602
80,镇安,101110605
81,山阳,101110608
82,铜川,101111001
83,耀州,101111004
84,潍坊,101120601
85,临朐,101120604
86,安丘,101120607
87,潍城,101120610
88,奎文,101120613
89,微山,101120703
90,金乡,101120706
91,梁山,101120709
92,任城,101120712
93,新泰,101120802
94,博兴,101121102
95,惠民,101121105
96,滨城,101121108
97,东营,101121201
98,利津,101121204
99,荣成,101121303
100,石岛,101121306
101,天山,101130102
102,达坂城,101130105
103,头屯河,101130111
104,西白杨沟,101130114
105,克拉玛依,101130201
106,独山子,101130204
107,塔什库尔干,101130903
108,叶城,101130906
109,岳普湖,101130909
110,疏勒,101130912
111,皮山,101131302
112,洛浦,101131305
113,阿勒泰,101131401
114,福海,101131407
115,阿克陶,101131503
116,南木林,101140203
117,江孜,101140206
118,萨嘎,101140209
119,定结,101140212
120,桑珠孜,101140215
121,亚东,101140218
122,贡嘎,101140302
123,浪卡子,101140305
124,泽当,101140308
125,洛扎,101140311
126,曲松,101140314
127,墨脱,101140407
128,班玛,101150502
129,久治,101150505
130,玉树,101150601
131,杂多,101150604
132,乌兰,101150709
133,茫崖,101150712
134,都兰,101150715
135,皋兰,101160102
136,城关,101160105
137,肃南,101160702
138,高台,101160705
139,酒泉,101160801
140,阿克塞,101160804
141,玉门,101160807
142,临夏,101161101
143,广河,101161104
144,积石山,101161107
145,卓尼,101161203
146,玛曲,101161206
147,甘南,101161209
148,靖远,101161302
149,景泰,101161305
150,嘉峪关,101161401
151,银川,101170101
152,贺兰,101170104
153,金凤,101170107
154,平罗,101170203
155,同心,101170302
156,红寺堡,101170305
157,新乡,101180301
158,辉县,101180304
159,封丘,101180307
160,卫滨,101180310
161,襄城,101180403
162,魏都,101180406
163,睢县,101181003
164,柘城,101181006
165,永城,101181009
166,遂平,101181603
167,泌阳,101181606
168,确山,101181609
169,灵宝,101181702
170,义马,101181705
171,陕州,101181708
172,南通,101190501
173,如东,101190504
174,启东,101190507
175,仪征,101190603
176,邗江,101190606
177,东海,101191002
178,灌南,101191005
179,常州,101191101
180,武进,101191104
181,新北,101191107
182,泰兴,101191203
183,海陵,101191206
184,孝感,101200401
185,大悟,101200404
186,孝昌,101200407
187,麻城,101200503
188,浠水,101200506
189,武穴,101200509
190,大冶,101200602
191,下陆,101200605
192,郧西,101201103
193,房县,101201106
194,张湾,101201109
195,台州,101210601
196,三门,101210604
197,温岭,101210607
198,临海,101210610
199,路桥,101210613
200,文成,101210703
201,洞头,101210706
202,苍南,101210709
203,瓯海,101210712
204,嵊泗,101211102
205,普陀,101211105
206,长丰,101220102
207,巢湖,101220105
208,庐阳,101220108
209,蚌埠,101220201
210,五河,101220204
211,禹会,101220207
212,阜阳,101220801
213,临泉,101220804
214,颍州,101220807
215,利辛,101220903
216,铜官,101221302
217,枞阳,101221305
218,宣城,101221401
219,宁国,101221404
220,郎溪,101221407
221,思明,101230203
222,集美,101230206
223,古田,101230302
224,周宁,101230305
225,福鼎,101230308
226,乐安,101240403
227,资溪,101240406
228,南丰,101240409
229,临川,101240412
230,铜鼓,101240502
231,上高,101240505
232,高安,101240508
233,袁州,101240511
234,上犹,101240703
235,渝水,101241003
236,南县,101250702
237,沅江,101250705
238,娄底,101250801
239,娄星,101250804
240,洞口,101250903
241,绥宁,101250906
242,城步,101250909
243,大祥,101250912
244,张家界,101251101
245,武陵源,101251104
246,沅陵,101251203
247,会同,101251206
248,新晃,101251209
249,中方,101251212
250,贵阳,101260101
251,乌当,101260104
252,修文,101260107
253,云岩,101260110
254,普定,101260302
255,紫云,101260305
256,晴隆,101260902
257,望谟,101260905
258,册亨,101260908
259,自贡,101270301
260,自流井,101270304
261,沿滩,101270307
262,盐亭,101270403
263,北川,101270406
264,涪城,101270409
265,南部,101270502
266,仪陇,101270505
267,顺庆,101270508
268,木里,101271603
269,会理,101271606
270,普格,101271609
271,昭觉,101271612
272,越西,101271615
273,美姑,101271618
274,名山,101271702
275,石棉,101271705
276,宝兴,101271708
277,甘孜,101271801
278,丹巴,101271804
279,道孚,101271807
280,德格,101271810
281,色达,101271813
282,乡城,101271816
283,中江,101272002
284,绵竹,101272005
285,广元,101272101
286,剑阁,101272104
287,昭化,101272107
288,汕头,101280501
289,南澳,101280504
290,濠江,101280507
291,福田,101280603
292,龙岗,101280606
293,坪山,101280609
294,斗门,101280702
295,吴川,101281002
296,廉江,101281005
297,坡头,101281008
298,江门,101281101
299,新会,101281104
300,蓬江,101281107
301,连平,101281203
302,东源,101281206
303,阳东,101281803
304,揭西,101281902
305,揭东,101281905
306,昆明,101290101
307,寻甸,101290104
308,石林,101290107
309,嵩明,101290110
310,太华山,101290113
311,西山,101290116
312,玉溪,101290701
313,通海,101290704
314,易门,101290707
315,红塔,101290710
316,元谋,101290803
317,南华,101290806
318,双柏,101290809
319,泸水,101291205
320,香格里拉,101291301
321,华坪,101291403
322,玉龙,101291406
323,梧州,101300601
324,苍梧,101300604
325,长洲,101300607
326,富川,101300703
327,平桂,101300706
328,田阳,101301003
329,田东,101301006
330,西林,101301009
331,田林,101301012
332,浦北,101301102
333,钦北,101301105
334,秀英,101310102
335,美兰,101310105
336,顺义,101010400
337,东城,101011600
338,浦东新区,101020600
339,和平,101030800
340,滨海新区,101031100
341,重庆,101040100
342,万州,101041300
343,铜梁,101042800
344,武隆,101043100
345,穆棱,101050303
346,宁安,101050306
347,阳明,101050309
348,汤原,101050402
349,桦南,101050405
350,向阳,101050408
351,郊区,101050411
352,柳河,101060503
353,通化县,101060506
354,洮南,101060602
355,通榆,101060605
356,辽源,101060701
357,龙山,101060704
358,古塔,101070703
359,北镇,101070706
360,大石桥,101070802
361,西市,101070805
362,阜新,101070901
363,新邱,101070904
364,细河,101070907
365,朝阳,101071201
366,喀左,101071204
367,建平县,101071207
368,盘山,101071303
369,土左旗,101080102
370,清水河,101080105
371,新城,101080108
372,包头,101080201
373,土右旗,101080204
374,希拉穆仁,101080207
375,青山,101080210
376,海南,101080303
377,二连浩特,101080903
378,苏左旗,101080906
379,东乌旗,101080909
380,镶黄旗,101080912
381,多伦,101080915
382,宣化,101090302
383,沽源,101090305
384,阳原,101090308
385,怀来,101090311
386,崇礼,101090314
387,下花园,101090317
388,双桥,101090401
389,兴隆,101090404
390,隆化,101090407
391,围场,101090410
392,丰润,101090503
393,乐亭,101090506
394,曹妃甸,101090509
395,古冶,101090515
396,阳高,101100202
397,广灵,101100205
398,左云,101100208
399,新荣,101100211
400,阳泉,101100301
401,矿区,101100304
402,府谷,101110402
403,定边,101110405
404,米脂,101110408
405,吴堡,101110411
406,渭南,101110501
407,大荔,101110504
408,蒲城,101110507
409,韩城,101110510
410,华州,101110513
411,柞水,101110603
412,丹凤,101110606
413,王益,101111005
414,青州,101120602
415,昌乐,101120605
416,高密,101120608
417,寒亭,101120611
418,济宁,101120701
419,鱼台,101120704
420,汶上,101120707
421,曲阜,101120710
422,泰山,101120803
423,无棣,101121103
424,沾化,101121106
425,河口,101121202
426,广饶,101121205
427,威海,101121301
428,乳山,101121304
429,环翠,101121307
430,小渠子,101130103
431,新市,101130106
432,天池,101130109
433,米东,101130112
434,乌尔禾,101130202
435,喀什,101130901
436,麦盖提,101130904
437,泽普,101130907
438,伽师,101130910
439,策勒,101131303
440,民丰,101131306
441,哈巴河,101131402
442,吉木乃,101131405
443,富蕴,101131408
444,阿图什,101131501
445,阿合奇,101131504
446,日喀则,101140201
447,聂拉木,101140204
448,帕里,101140207
449,吉隆,101140210
450,萨迦,101140213
451,岗巴,101140216
452,康马,101140219
453,扎囊,101140303
454,错那,101140306
455,乃东,101140309
456,措美,101140312
457,巴宜,101140408
458,甘德,101150503
459,玛多,101150506
460,称多,101150602
461,囊谦,101150605
462,德令哈,101150701
463,大柴旦,101150713
464,冷湖,101150716
465,永登,101160103
466,七里河,101160106
467,民乐,101160703
468,山丹,101160706
469,肃州,101160802
470,瓜州,101160805
471,敦煌,101160808
472,康乐,101161102
473,和政,101161105
474,合作,101161201
475,舟曲,101161204
476,碌曲,101161207
477,会宁,101161303
478,永宁,101170102
479,兴庆,101170105
480,石嘴山,101170201
481,陶乐,101170204
482,盐池,101170303
483,青铜峡,101170306
484,获嘉,101180302
485,卫辉,101180305
486,长垣,101180308
487,凤泉,101180311
488,许昌,101180401
489,长葛,101180404
490,建安,101180407
491,商丘,101181001
492,民权,101181004
493,宁陵,101181007
494,睢阳,101181010
495,驻马店,101181601
496,上蔡,101181604
497,平舆,101181607
498,正阳,101181610
499,渑池,101181703
500,海安,101190502
501,崇川,101190505
502,海门,101190508
503,扬州,101190601
504,高邮,101190604
505,广陵,101190607
506,赣榆,101191003
507,海州,101191006
508,溧阳,101191102
509,天宁,101191105
510,泰州,101191201
511,姜堰,101191204
512,高港,101191207
513,安陆,101200402
514,应城,101200405
515,孝南,101200408
516,黄冈,101200501
517,罗田,101200504
518,蕲春,101200507
519,团风,101200510
520,阳新,101200603
521,西塞山,101200606
522,十堰,101201101
523,郧阳,101201104
524,丹江口,101201107
525,潜江,101201701
526,天台,101210605
527,椒江,101210611
528,温州,101210701
529,平阳,101210704
530,乐清,101210707
531,鹿城,101210710
532,定海,101211106
533,肥东,101220103
534,庐江,101220106
535,蜀山,101220109
536,怀远,101220202
537,龙子湖,101220205
538,淮上,101220208
539,阜南,101220802
540,界首,101220805
541,颍东,101220808
542,亳州,101220901
543,蒙城,101220904
544,义安,101221303
545,泾县,101221402
546,绩溪,101221405
547,宣州,101221408
548,厦门,101230201
549,海沧,101230204
550,翔安,101230207
551,霞浦,101230303
552,福安,101230306
553,屏南,101230309
554,抚州,101240401
555,崇仁,101240404
556,宜黄,101240407
557,黎川,101240410
558,宜丰,101240503
559,靖安,101240506
560,樟树,101240509
561,赣州,101240701
562,南康,101240704
563,新余,101241001
564,益阳,101250700
565,桃江,101250703
566,资阳,101250706
567,双峰,101250802
568,新化,101250805
569,邵阳,101250901
570,新邵,101250904
571,新宁,101250907
572,邵阳县,101250910
573,北塔,101250913
574,桑植,101251102
575,永定,101251105
576,怀化,101251201
577,辰溪,101251204
578,通道,101251207
579,芷江,101251210
580,洪江,101251213
581,白云,101260102
582,息烽,101260105
583,清镇,101260108
584,南明,101260111
585,镇宁,101260303
586,关岭,101260306
587,兴仁,101260903
588,黔西南,101260906
589,普安,101260909
590,富顺,101270302
591,贡井,101270305
592,绵阳,101270401
593,平武,101270407
594,游仙,101270410
595,营山,101270503
596,西充,101270506
597,高坪,101270509
598,凉山,101271601
599,盐源,101271604
600,会东,101271607
601,西昌,101271610
602,喜德,101271613
603,甘洛,101271616
604,布拖,101271619
605,荥经,101271703
606,天全,101271706
607,雨城,101271709
608,康定,101271802
609,九龙,101271805
610,炉霍,101271808
611,白玉,101271811
612,理塘,101271814
613,稻城,101271817
614,广汉,101272003
615,罗江,101272006
616,旺苍,101272102
617,苍溪,101272105
618,朝天,101272108
619,潮阳,101280502
620,龙湖,101280505
621,潮南,101280508
622,深圳,101280601
623,南山,101280604
624,盐田,101280607
625,金湾,101280703
626,雷州,101281003
627,赤坎,101281006
628,霞山,101281009
629,恩平,101281105
630,鹤山,101281108
631,河源,101281201
632,和平,101281204
633,源城,101281207
634,阳江,101281801
635,阳西,101281804
636,普宁,101281903
637,榕城,101281906
638,五华,101290102
639,晋宁,101290105
640,呈贡,101290108
641,禄劝,101290111
642,盘龙,101290114
643,澄江,101290702
644,华宁,101290705
645,峨山,101290708
646,楚雄,101290801
647,姚安,101290804
648,武定,101290807
649,永仁,101290810
650,福贡,101291203
651,德钦,101291302
652,迪庆,101291305
653,丽江,101291401
654,宁蒗,101291404
655,藤县,101300602
656,蒙山,101300605
657,龙圩,101300608
658,贺州,101300701
659,钟山,101300704
660,百色,101301001
661,德保,101301004
662,平果,101301007
663,乐业,101301010
664,右江,101301013
665,灵山,101301103
666,龙华,101310103
667,海淀,101010200
668,西城,101011700
669,黄浦,101020400
670,奉贤,101021000
671,河东,101031200
672,永川,101040200
673,涪陵,101041400
674,巫山,101042000
675,彭水,101043200
676,牡丹江,101050301
677,林口,101050304
678,东宁,101050307
679,爱民,101050310
680,抚远,101050403
681,同江,101050406
682,前进,101050409
683,通化,101060501
684,辉南,101060504
685,东昌,101060507
686,大安,101060603
687,洮北,101060606
688,东丰,101060702
689,西安,101060705
690,锦州,101070701
691,义县,101070704
692,凌河,101070707
693,盖州,101070803
694,鲅鱼圈,101070806
695,彰武,101070902
696,太平,101070905
697,双塔,101071202
698,北票,101071205
699,盘锦,101071301
700,双台子,101071304
701,托县,101080103
702,赛罕,101080106
703,回民,101080109
704,白云鄂博,101080202
705,固阳,101080205
706,东河,101080208
707,石拐,101080211
708,乌海,101080301
709,乌达,101080304
710,锡林浩特,101080901
711,阿巴嘎,101080904
712,苏右旗,101080907
713,西乌旗,101080910
714,正镶白旗,101080913
715,博克图,101080916
716,张北,101090303
717,尚义,101090306
718,怀安,101090309
719,涿鹿,101090312
720,桥东,101090315
721,承德,101090402
722,平泉,101090405
723,丰宁,101090408
724,双滦,101090411
725,唐山,101090501
726,滦县,101090504
727,迁西,101090507
728,遵化,101090510
729,路南,101090513
730,开平,101090516
731,大同县,101100203
732,灵丘,101100206
733,矿区,101100209
734,盂县,101100302
735,郊区,101100305
736,神木,101110403
737,靖边,101110406
738,子洲,101110409
739,清涧,101110412
740,白水,101110505
741,澄城,101110508
742,华阴,101110511
743,商洛,101110601
744,商州,101110604
745,商南,101110607
746,宜君,101111003
747,印台,101111006
748,寿光,101120603
749,昌邑,101120606
750,诸城,101120609
751,坊子,101120612
752,嘉祥,101120702
753,兖州,101120705
754,泗水,101120708
755,邹城,101120711
756,泰安,101120801
757,肥城,101120804
758,滨州,101121101
759,阳信,101121104
760,邹平,101121107
761,垦利,101121203
762,文登,101121302
763,成山头,101121305
764,乌鲁木齐,101130101
765,沙依巴克,101130104
766,水磨沟,101130107
767,乌鲁木齐县,101130113
768,白碱滩,101130203
769,英吉沙,101130902
770,莎车,101130905
771,巴楚,101130908
772,疏附,101130911
773,和田,101131301
774,墨玉,101131304
775,于田,101131307
776,布尔津,101131406
777,青河,101131409
778,乌恰,101131502
779,克州,101131505
780,拉孜,101140202
781,定日,101140205
782,仲巴,101140208
783,昂仁,101140211
784,谢通门,101140214
785,白朗,101140217
786,仁布,101140220
787,山南,101140301
788,加查,101140304
789,隆子,101140307
790,桑日,101140310
791,琼结,101140313
792,玛沁,101150501
793,达日,101150504
794,果洛,101150507
795,治多,101150603
796,曲麻莱,101150606
797,海西,101150702
798,天峻,101150708
799,格尔木,101150714
800,兰州,101160101
801,榆中,101160104
802,西固,101160107
803,张掖,101160701
804,临泽,101160704
805,甘州,101160707
806,金塔,101160803
807,肃北,101160806
808,永靖,101161103
809,东乡,101161106
810,临潭,101161202
811,迭部,101161205
812,夏河,101161208
813,白银,101161301
814,平川,101161304
815,灵武,101170103
816,西夏,101170106
817,惠农,101170202
818,大武口,101170205
819,吴忠,101170301
820,利通,101170304
821,原阳,101180303
822,延津,101180306
823,红旗,101180309
824,牧野,101180312
825,鄢陵,101180402
826,禹州,101180405
827,梁园,101181002
828,虞城,101181005
829,夏邑,101181008
830,西平,101181602
831,汝南,101181605
832,新蔡,101181608
833,驿城,101181611
834,三门峡,101181701
835,卢氏,101181704
836,湖滨,101181707
837,如皋,101190503
838,港闸,101190506
839,通州,101190509
840,宝应,101190602
841,江都,101190605
842,连云港,101191001
843,灌云,101191004
844,连云,101191007
845,金坛,101191103
846,钟楼,101191106
847,兴化,101191202
848,靖江,101191205
849,云梦,101200403
850,汉川,101200406
851,红安,101200502
852,英山,101200505
853,黄梅,101200508
854,黄州,101200511
855,黄石,101200601
856,铁山,101200604
857,黄石港,101200607
858,竹溪,101201102
859,竹山,101201105
860,茅箭,101201108
861,玉环,101210603
862,仙居,101210606
863,黄岩,101210612
864,泰顺,101210702
865,瑞安,101210705
866,永嘉,101210708
867,龙湾,101210711
868,舟山,101211101
869,岱山,101211104
870,合肥,101220101
871,肥西,101220104
872,瑶海,101220107
873,包河,101220110
874,固镇,101220203
875,蚌山,101220206
876,颍上,101220803
877,太和,101220806
878,颍泉,101220809
879,涡阳,101220902
880,谯城,101220905
881,铜陵,101221301
882,郊区,101221304
883,旌德,101221403
884,广德,101221406
885,同安,101230202
886,湖里,101230205
887,宁德,101230301
888,寿宁,101230304
889,柘荣,101230307
890,蕉城,101230310
891,广昌,101240402
892,金溪,101240405
893,南城,101240408
894,东乡,101240411
895,宜春,101240501
896,万载,101240504
897,奉新,101240507
898,丰城,101240510
899,崇义,101240702
900,分宜,101241002
901,赫山区,101250701
902,安化,101250704
903,冷水江,101250803
904,涟源,101250806
905,隆回,101250902
906,邵东,101250905
907,武冈,101250908
908,双清,101250911
909,慈利,101251103
910,鹤城,101251202
911,靖州,101251205
912,麻阳,101251208
913,溆浦,101251211
914,花溪,101260103
915,开阳,101260106
916,观山湖,101260112
917,安顺,101260301
918,平坝,101260304
919,兴义,101260901
920,贞丰,101260904
921,安龙,101260907
922,荣县,101270303
923,大安,101270306
924,三台,101270402
925,梓潼,101270405
926,江油,101270408
927,安州,101270411
928,南充,101270501
929,蓬安,101270504
930,阆中,101270507
931,嘉陵,101270510
932,德昌,101271605
933,宁南,101271608
934,金阳,101271611
935,冕宁,101271614
936,雷波,101271617
937,雅安,101271701
938,汉源,101271704
939,芦山,101271707
940,泸定,101271803
941,雅江,101271806
942,新龙,101271809
943,石渠,101271812
944,巴塘,101271815
945,得荣,101271818
946,德阳,101272001
947,什邡,101272004
948,旌阳,101272007
949,青川,101272103
950,利州,101272106
951,澄海,101280503
952,金平,101280506
953,罗湖,101280602
954,宝安,101280605
955,龙华,101280608
956,珠海,101280701
957,香洲,101280704
958,湛江,101281001
959,徐闻,101281004
960,遂溪,101281007
961,麻章,101281010
962,开平,101281103
963,台山,101281106
964,江海,101281109
965,紫金,101281202
966,龙川,101281205
967,阳春,101281802
968,江城,101281805
969,揭阳,101281901
970,惠来,101281904
971,东川,101290103
972,宜良,101290106
973,富民,101290109
974,安宁,101290112
975,官渡,101290115
976,江川,101290703
977,新平,101290706
978,元江,101290709
979,大姚,101290802
980,牟定,101290805
981,禄丰,101290808
982,怒江,101291201
983,兰坪,101291204
984,贡山,101291207
985,维西,101291303
986,永胜,101291402
987,古城,101291405
988,万秀,101300603
989,岑溪,101300606
990,昭平,101300702
991,八步,101300705
992,那坡,101301002
993,靖西,101301005
994,隆林,101301008
995,凌云,101301011
996,钦州,101301101
997,钦南,101301104
998,海口,101310101
999,琼山,101310104
1000,通州,101010600
1001,青浦,101020800
1002,天津,101030100
1003,合川,101040300
1004,巫溪,101041800
1005,潼南,101042100
1006,安达,101050503
1007,望奎,101050506
1008,庆安,101050509
1009,嫩江,101050602
1010,五大连池,101050605
1011,大兴安岭,101050701
1012,呼玛,101050704
1013,新兴,101051001
1014,桃山,101051004
1015,密山,101051103
1016,恒山,101051106
1017,城子河,101051109
1018,宽城,101060109
1019,乾安,101060802
1020,扶余,101060805
1021,白山,101060901
1022,东岗,101060904
1023,江源,101060907
1024,浑南,101070102
1025,法库,101070105
1026,沈河,101070108
1027,铁西,101070111
1028,于洪,101070114
1029,大连,101070201
1030,普兰店,101070204
1031,庄河,101070207
1032,沙河口,101070210
1033,岫岩,101070303
1034,铁西,101070306
1035,葫芦岛,101071401
1036,兴城,101071404
1037,南票,101071407
1038,集宁,101080401
1039,商都,101080404
1040,凉城,101080407
1041,察右后旗,101080410
1042,科左中旗,101080503
1043,开鲁,101080506
1044,扎鲁特,101080509
1045,霍林郭勒,101080512
1046,海拉尔,101081001
1047,莫力达瓦,101081004
1048,陈旗,101081007
1049,满洲里,101081010
1050,呼伦贝尔,101081013
1051,图里河,101081016
1052,廊坊,101090601
1053,香河,101090604
1054,大厂,101090607
1055,安次,101090610
1056,东光,101090703
1057,肃宁,101090706
1058,献县,101090709
1059,任丘,101090712
1060,新华,101090715
1061,临漳,101091003
1062,涉县,101091006
1063,永年,101091009
1064,广平,101091012
1065,曲周,101091015
1066,丛台,101091018
1067,青龙,101091102
1068,卢龙,101091105
1069,山海关,101091108
1070,雄安新区,101091201
1071,雄县,101091204
1072,榆次,101100402
1073,和顺,101100405
1074,太谷,101100408
1075,灵石,101100411
1076,长治,101100501
1077,潞城,101100504
1078,武乡,101100507
1079,沁源,101100510
1080,阳城,101100603
1081,泽州,101100606
1082,定襄,101101002
1083,偏关,101101005
1084,代县,101101008
1085,保德,101101011
1086,五寨,101101014
1087,离石,101101101
1088,岚县,101101104
1089,方山,101101107
1090,孝义,101101110
1091,交城,101101113
1092,安康,101110701
1093,汉阴,101110704
1094,平利,101110707
1095,宁陕,101110710
1096,勉县,101110803
1097,城固,101110806
1098,宁强,101110809
1099,汉台,101110812
1100,商河,101120103
1101,济阳,101120106
1102,槐荫,101120109
1103,崂山,101120202
1104,胶州,101120205
1105,平度,101120208
1106,城阳,101120211
1107,东平,101120805
1108,临沂,101120901
1109,兰陵,101120904
1110,蒙阴,101120907
1111,沂水,101120910
1112,河东,101120913
1113,薛城,101121402
1114,滕州,101121405
1115,日照,101121501
1116,东港,101121504
1117,莫索湾,101130303
1118,呼图壁,101130402
1119,吉木萨尔,101130405
1120,木垒,101130408
1121,温泉,101131602
1122,图木舒克,101131701
1123,林芝,101140401
1124,察隅,101140404
1125,边坝,101140503
1126,芒康,101140506
1127,江达,101140509
1128,卡若,101140512
1129,尼玛,101140602
1130,安多,101140605
1131,巴青,101140608
1132,申扎,101140611
1133,阿里,101140701
1134,狮泉河,101140704
1135,噶尔,101140707
1136,措勤,101140710
1137,门源,101150802
1138,安宁,101160108
1139,定西,101160201
1140,渭源,101160204
1141,岷县,101160207
1142,灵台,101160303
1143,庄浪,101160306
1144,清水,101160903
1145,武山,101160906
1146,固原,101170401
1147,泾源,101170404
1148,沙坡头,101170503
1149,郏县,101180502
1150,叶县,101180505
1151,石龙,101180508
1152,湛河,101180511
1153,信阳,101180601
1154,光山,101180604
1155,潢川,101180607
1156,浉河,101180610
1157,新野,101180709
1158,修武,101181102
1159,解放,101181105
1160,孟州,101181108
1161,山阳,101181111
1162,鹤壁,101181201
1163,鹤山,101181204
1164,济源,101181801
1165,溧水,101190102
1166,六合,101190105
1167,玄武,101190108
1168,鼓楼,101190111
1169,响水,101190702
1170,射阳,101190705
1171,大丰,101190708
1172,徐州,101190801
1173,沛县,101190804
1174,新沂,101190807
1175,贾汪,101190810
1176,盱眙,101190903
1177,淮阴区,101190906
1178,沭阳,101191302
1179,宿豫,101191305
1180,咸宁,101200701
1181,崇阳,101200704
1182,咸安,101200707
1183,公安,101200803
1184,洪湖,101200806
1185,恩施,101201001
1186,咸丰,101201004
1187,来凤,101201007
1188,随州,101201301
1189,随县,101201304
1190,桐庐,101210103
1191,余杭,101210106
1192,上城,101210109
1193,拱墅,101210112
1194,长兴,101210202
1195,吴兴,101210205
1196,遂昌,101210802
1197,青田,101210805
1198,松阳,101210808
1199,金华,101210901
1200,义乌,101210904
1201,永康,101210907
1202,金东,101210910
1203,芜湖县,101220303
1204,镜湖,101220306
1205,三山,101220309
1206,凤台,101220402
1207,田家庵,101220405
1208,寿县,101220408
1209,霍山,101221506
1210,叶集,101221509
1211,池州,101221701
1212,九华山,101221704
1213,莆田,101230401
1214,涵江,101230404
1215,城厢,101230407
1216,金门,101230503
1217,南安,101230506
1218,晋江,101230509
1219,丰泽,101230512
1220,长泰,101230602
1221,龙海,101230605
1222,芗城,101230611
1223,钓鱼岛,101231001
1224,吉安,101240601
1225,新干,101240604
1226,永新,101240607
1227,遂川,101240610
1228,厦坪,101240616
1229,信丰,101240706
1230,瑞金,101240709
1231,安远,101240712
1232,定南,101240715
1233,赣县,101240718
1234,乐平,101240802
1235,珠山,101240805
1236,萍乡,101240901
1237,安源,101240904
1238,余江,101241102
1239,宁乡,101250102
1240,望城,101250105
1241,天心,101250108
1242,雨花,101250111
1243,湘潭,101250201
1244,雨湖,101250204
1245,永州,101251401
1246,双牌,101251404
1247,江永,101251407
1248,江华,101251410
1249,仁怀,101260203
1250,凤冈,101260206
1251,习水,101260209
1252,务川,101260212
1253,红花岗,101260215
1254,都匀,101260401
1255,长顺,101260404
1256,龙里,101260407
1257,独山,101260410
1258,黔南,101260413
1259,施秉,101260503
1260,黔东南,101260506
1261,三穗,101260509
1262,雷山,101260512
1263,锦屏,101260515
1264,达州,101270601
1265,大竹,101270604
1266,通川,101270607
1267,射洪,101270703
1268,大英,101270706
1269,泸县,101271003
1270,古蔺,101271006
1271,理县,101271903
1272,九寨沟,101271906
1273,黑水,101271909
1274,若尔盖,101271912
1275,番禺,101280102
1276,花都,101280105
1277,海珠,101280108
1278,黄埔,101280111
1279,顺德,101280801
1280,高明,101280804
1281,四会,101280903
1282,怀集,101280906
1283,鼎湖,101280909
1284,连南,101281302
1285,阳山,101281305
1286,清新,101281308
1287,云浮,101281401
1288,郁南,101281404
1289,漾濞,101290203
1290,弥渡,101290206
1291,剑川,101290209
1292,南涧,101290212
1293,石屏,101290302
1294,元阳,101290305
1295,个旧,101290308
1296,泸西,101290311
1297,景谷,101290902
1298,思茅,101290905
1299,孟连,101290908
1300,镇沅,101290911
1301,芒市,101291508
1302,景洪,101291601
1303,柳州,101300301
1304,鹿寨,101300304
1305,融水,101300307
1306,柳南,101300310
1307,桂平,101300802
1308,港南,101300805
1309,玉林,101300901
1310,容县,101300904
1311,玉州,101300907
1312,河池,101301201
1313,巴马,101301204
1314,宜州,101301207
1315,都安,101301210
1316,涠洲岛,101301303
1317,铁山港,101301306
1318,上思,101301402
1319,防城,101301405
1320,三亚,101310201
1321,澄迈,101310204
1322,白沙,101310207
1323,屯昌,101310210
1324,海棠,101310213
1325,陵水,101310216
1326,天涯,101310219
1327,五指山,101310222
1328,中沙,101310303
1329,桃园,101340102
1330,石景山,101011000
1331,松江,101020900
1332,徐汇,101021200
1333,武清,101030200
1334,蓟州,101031400
1335,南川,101040400
1336,城口,101041600
1337,垫江,101042200
1338,酉阳,101043400
1339,南岸,101044000
1340,绥化,101050501
1341,海伦,101050504
1342,兰西,101050507
1343,绥棱,101050510
1344,孙吴,101050603
1345,北安,101050606
1346,塔河,101050702
1347,呼中,101050705
1348,加格达奇,101050708
1349,七台河,101051002
1350,茄子河,101051005
1351,鸡西,101051101
1352,鸡东,101051104
1353,滴道,101051107
1354,麻山,101051110
1355,二道,101060107
1356,朝阳,101060110
1357,前郭,101060803
1358,宁江,101060806
1359,靖宇,101060902
1360,长白,101060905
1361,浑江,101060908
1362,辽中,101070103
1363,新民,101070106
1364,大东,101070109
1365,苏家屯,101070112
1366,瓦房店,101070202
1367,旅顺,101070205
1368,中山,101070208
1369,甘井子,101070211
1370,鞍山,101070301
1371,海城,101070304
1372,立山,101070307
1373,建昌,101071402
1374,连山,101071405
1375,卓资,101080402
1376,乌兰察布,101080405
1377,察右前旗,101080408
1378,四子王旗,101080411
1379,通辽,101080501
1380,科左后旗,101080504
1381,库伦,101080507
1382,科尔沁,101080510
1383,小二沟,101081002
1384,鄂伦春旗,101081005
1385,新左旗,101081008
1386,牙克石,101081011
1387,额尔古纳,101081014
1388,扎赉诺尔,101081017
1389,固安,101090602
1390,大城,101090605
1391,霸州,101090608
1392,广阳,101090611
1393,沧州,101090701
1394,海兴,101090704
1395,南皮,101090707
1396,孟村,101090710
1397,黄骅,101090713
1398,沧县,101090716
1399,邯郸,101091001
1400,成安,101091004
1401,磁县,101091007
1402,邱县,101091010
1403,馆陶,101091013
1404,武安,101091016
1405,复兴,101091019
1406,昌黎,101091103
1407,北戴河,101091106
1408,容城,101091202
1409,榆社,101100403
1410,昔阳,101100406
1411,祁县,101100409
1412,介休,101100412
1413,黎城,101100502
1414,襄垣,101100505
1415,沁县,101100508
1416,壶关,101100511
1417,晋城,101100601
1418,陵川,101100604
1419,五台县,101101003
1420,神池,101101006
1421,繁峙,101101009
1422,静乐,101101012
1423,原平,101101015
1424,临县,101101102
1425,柳林,101101105
1426,交口,101101108
1427,汾阳,101101111
1428,紫阳,101110702
1429,旬阳,101110705
1430,白河,101110708
1431,汉滨,101110711
1432,汉中,101110801
1433,留坝,101110804
1434,西乡,101110807
1435,南郑,101110810
1436,杨凌,101111101
1437,济南,101120101
1438,章丘,101120104
1439,历下,101120107
1440,天桥,101120110
1441,市南,101120203
1442,黄岛,101120206
1443,市北,101120209
1444,宁阳,101120806
1445,莒南,101120902
1446,临沭,101120905
1447,平邑,101120908
1448,兰山,101120911
1449,峄城,101121403
1450,市中,101121406
1451,五莲,101121502
1452,岚山,101121505
1453,石河子,101130301
1454,奇台,101130406
1455,蔡家湖,101130409
1456,精河,101131603
1457,阿拉山口,101131606
1458,五家渠,101131801
1459,北屯,101132101
1460,波密,101140402
1461,工布江达,101140405
1462,昌都,101140501
1463,洛隆,101140504
1464,类乌齐,101140507
1465,察雅,101140510
1466,嘉黎,101140603
1467,索县,101140606
1468,比如,101140609
1469,色尼,101140612
1470,改则,101140702
1471,普兰,101140705
1472,日土,101140708
1473,祁连,101150803
1474,刚察,101150806
1475,红古,101160109
1476,通渭,101160202
1477,临洮,101160205
1478,安定,101160208
1479,平凉,101160301
1480,崇信,101160304
1481,静宁,101160307
1482,天水,101160901
1483,秦安,101160904
1484,张家川,101160907
1485,西吉,101170402
1486,原州,101170405
1487,中卫,101170501
1488,海原,101170504
1489,宝丰,101180503
1490,舞钢,101180506
1491,新华,101180509
1492,息县,101180602
1493,新县,101180605
1494,固始,101180608
1495,平桥,101180611
1496,社旗,101180704
1497,武陟,101181103
1498,博爱,101181106
1499,中站,101181109
1500,浚县,101181202
1501,山城,101181205
1502,高淳,101190103
1503,秦淮,101190109
1504,栖霞,101190112
1505,滨海,101190703
1506,建湖,101190706
1507,盐都,101190709
1508,铜山,101190802
1509,邳州,101190805
1510,鼓楼,101190808
1511,泉山,101190811
1512,淮安,101190901
1513,洪泽,101190904
1514,清江浦,101190907
1515,泗阳,101191303
1516,宿城,101191306
1517,赤壁,101200702
1518,通城,101200705
1519,荆州,101200801
1520,石首,101200804
1521,松滋,101200807
1522,利川,101201002
1523,宣恩,101201005
1524,巴东,101201008
1525,广水,101201302
1526,杭州,101210101
1527,淳安,101210104
1528,临安,101210107
1529,下城,101210110
1530,西湖,101210113
1531,安吉,101210203
1532,南浔,101210206
1533,龙泉,101210803
1534,云和,101210806
1535,景宁,101210809
1536,浦江,101210902
1537,东阳,101210905
1538,磐安,101210908
1539,芜湖,101220301
1540,南陵,101220304
1541,弋江,101220307
1542,潘集,101220403
1543,谢家集,101220406
1544,六安,101221501
1545,金安,101221504
1546,舒城,101221507
1547,东至,101221702
1548,石台,101221705
1549,仙游,101230402
1550,秀屿,101230405
1551,泉州,101230501
1552,永春,101230504
1553,崇武,101230507
1554,石狮,101230510
1555,洛江,101230513
1556,南靖,101230603
1557,漳浦,101230606
1558,龙文,101230612
1559,吉安县,101240602
1560,峡江,101240605
1561,井冈山,101240608
1562,泰和,101240611
1563,吉州,101240614
1564,宁都,101240707
1565,于都,101240710
1566,全南,101240713
1567,寻乌,101240716
1568,章贡,101240719
1569,浮梁,101240803
1570,莲花,101240902
1571,芦溪,101240905
1572,贵溪,101241103
1573,浏阳,101250103
1574,长沙县,101250106
1575,岳麓,101250109
1576,韶山,101250202
1577,岳塘,101250205
1578,祁阳,101251402
1579,道县,101251405
1580,蓝山,101251408
1581,冷水滩,101251411
1582,遵义,101260201
1583,绥阳,101260204
1584,桐梓,101260207
1585,道真,101260210
1586,余庆,101260213
1587,播州,101260216
1588,贵定,101260402
1589,福泉,101260405
1590,罗甸,101260408
1591,三都,101260411
1592,凯里,101260501
1593,镇远,101260504
1594,麻江,101260507
1595,台江,101260510
1596,黎平,101260513
1597,榕江,101260516
1598,宣汉,101270602
1599,渠县,101270605
1600,达川,101270608
1601,遂宁,101270701
1602,船山,101270704
1603,泸州,101271001
1604,合江,101271004
1605,纳溪,101271007
1606,阿坝,101271901
1607,茂县,101271904
1608,金川,101271907
1609,马尔康,101271910
1610,红原,101271913
1611,从化,101280103
1612,荔湾,101280106
1613,天河,101280109
1614,南沙,101280112
1615,三水,101280802
1616,禅城,101280805
1617,肇庆,101280901
1618,端州,101280904
1619,封开,101280907
1620,连州,101281303
1621,佛冈,101281306
1622,清城,101281309
1623,罗定,101281402
1624,云城,101281405
1625,大理,101290201
1626,永平,101290204
1627,祥云,101290207
1628,洱源,101290210
1629,建水,101290303
1630,绿春,101290306
1631,蒙自,101290309
1632,金平,101290312
1633,景东,101290903
1634,墨江,101290906
1635,西盟,101290909
1636,宁洱,101290912
1637,陇川,101291503
1638,瑞丽,101291506
1639,西双版纳,101291602
1640,勐腊,101291605
1641,柳城,101300302
1642,柳江,101300305
1643,三江,101300308
1644,柳北,101300311
1645,平南,101300803
1646,覃塘,101300806
1647,博白,101300902
1648,陆川,101300905
1649,福绵,101300908
1650,天峨,101301202
1651,环江,101301205
1652,凤山,101301208
1653,大化,101301211
1654,北海,101301301
1655,海城,101301304
1656,东兴,101301403
1657,东方,101310202
1658,儋州,101310205
1659,琼中,101310208
1660,琼海,101310211
1661,保亭,101310214
1662,崖州,101310223
1663,三沙,101310301
1664,南沙,101310304
1665,新竹,101340103
1666,怀柔,101010500
1667,大兴,101011100
1668,金山,101020700
1669,长宁,101021300
1670,静海,101030900
1671,南开,101031500
1672,江津,101040500
1673,云阳,101041700
1674,璧山,101042900
1675,大渡口,101043500
1676,肇东,101050502
1677,明水,101050505
1678,青冈,101050508
1679,北林,101050511
1680,黑河,101050601
1681,逊克,101050604
1682,爱辉,101050607
1683,漠河,101050703
1684,新林,101050706
1685,勃利,101051003
1686,虎林,101051102
1687,鸡冠,101051105
1688,梨树,101051108
1689,南关,101060108
1690,绿园,101060111
1691,松原,101060801
1692,长岭,101060804
1693,临江,101060903
1694,抚松,101060906
1695,沈阳,101070101
1696,康平,101070104
1697,和平,101070107
1698,皇姑,101070110
1699,沈北新区,101070113
1700,金州,101070203
1701,长海,101070206
1702,西岗,101070209
1703,台安,101070302
1704,铁东,101070305
1705,千山,101070308
1706,绥中,101071403
1707,龙港,101071406
1708,化德,101080403
1709,兴和,101080406
1710,察右中旗,101080409
1711,丰镇,101080412
1712,舍伯吐,101080502
1713,青龙山,101080505
1714,奈曼,101080508
1715,巴雅尔吐胡硕,101080511
1716,阿荣旗,101081003
1717,鄂温克旗,101081006
1718,新右旗,101081009
1719,扎兰屯,101081012
1720,根河,101081015
1721,永清,101090603
1722,文安,101090606
1723,三河,101090609
1724,青县,101090702
1725,盐山,101090705
1726,吴桥,101090708
1727,泊头,101090711
1728,河间,101090714
1729,运河,101090717
1730,峰峰,101091002
1731,大名,101091005
1732,肥乡,101091008
1733,鸡泽,101091011
1734,魏县,101091014
1735,邯山,101091017
1736,秦皇岛,101091101
1737,抚宁,101091104
1738,海港,101091107
1739,安新,101091203
1740,晋中,101100401
1741,左权,101100404
1742,寿阳,101100407
1743,平遥,101100410
1744,屯留,101100503
1745,平顺,101100506
1746,长子,101100509
1747,郊区,101100512
1748,沁水,101100602
1749,高平,101100605
1750,忻州,101101001
1751,河曲,101101004
1752,宁武,101101007
1753,五台山,101101010
1754,岢岚,101101013
1755,忻府,101101016
1756,吕梁,101101100
1757,兴县,101101103
1758,石楼,101101106
1759,中阳,101101109
1760,文水,101101112
1761,石泉,101110703
1762,岚皋,101110706
1763,镇坪,101110709
1764,略阳,101110802
1765,洋县,101110805
1766,佛坪,101110808
1767,镇巴,101110811
1768,杨陵,101111102
1769,长清,101120102
1770,平阴,101120105
1771,市中,101120108
1772,历城,101120111
1773,青岛,101120201
1774,即墨,101120204
1775,莱西,101120207
1776,李沧,101120210
1777,岱岳,101120807
1778,沂南,101120903
1779,郯城,101120906
1780,费县,101120909
1781,罗庄,101120912
1782,枣庄,101121401
1783,台儿庄,101121404
1784,山亭,101121407
1785,莒县,101121503
1786,炮台,101130302
1787,昌吉,101130401
1788,阜康,101130404
1789,玛纳斯,101130407
1790,博乐,101131601
1791,博尔塔拉,101131604
1792,双河,101132201
1793,米林,101140403
1794,朗县,101140406
1795,丁青,101140502
1796,左贡,101140505
1797,八宿,101140508
1798,贡觉,101140511
1799,那曲,101140601
1800,班戈,101140604
1801,聂荣,101140607
1802,双湖,101140610
1803,札达,101140706
1804,革吉,101140709
1805,海晏,101150801
1806,海北,101150804
1807,陇西,101160203
1808,漳县,101160206
1809,泾川,101160302
1810,华亭,101160305
1811,崆峒,101160308
1812,秦州,101160902
1813,甘谷,101160905
1814,麦积,101160908
1815,隆德,101170403
1816,彭阳,101170406
1817,中宁,101170502
1818,平顶山,101180501
1819,汝州,101180504
1820,鲁山,101180507
1821,卫东,101180510
1822,罗山,101180603
1823,淮滨,101180606
1824,商城,101180609
1825,西峡,101180705
1826,淅川,101180708
1827,焦作,101181101
1828,沁阳,101181104
1829,温县,101181107
1830,马村,101181110
1831,淇县,101181203
1832,淇滨,101181206
1833,南京,101190101
1834,江宁,101190104
1835,浦口,101190107
1836,建邺,101190110
1837,雨花台,101190113
1838,盐城,101190701
1839,阜宁,101190704
1840,东台,101190707
1841,亭湖,101190710
1842,丰县,101190803
1843,睢宁,101190806
1844,云龙,101190809
1845,金湖,101190902
1846,涟水,101190905
1847,淮安区,101190908
1848,宿迁,101191301
1849,泗洪,101191304
1850,嘉鱼,101200703
1851,通山,101200706
1852,江陵,101200802
1853,监利,101200805
1854,沙市,101200808
1855,建始,101201003
1856,鹤峰,101201006
1857,神农架,101201201
1858,曾都,101201303
1859,萧山,101210102
1860,建德,101210105
1861,富阳,101210108
1862,江干,101210111
1863,滨江,101210114
1864,湖州,101210201
1865,德清,101210204
1866,丽水,101210801
1867,缙云,101210804
1868,庆元,101210807
1869,莲都,101210810
1870,兰溪,101210903
1871,武义,101210906
1872,婺城,101210909
1873,繁昌,101220302
1874,无为,101220305
1875,鸠江,101220308
1876,淮南,101220401
1877,大通,101220404
1878,八公山,101220407
1879,霍邱,101221502
1880,金寨,101221505
1881,裕安,101221508
1882,青阳,101221703
1883,贵池,101221706
1884,荔城,101230406
1885,安溪,101230502
1886,德化,101230505
1887,惠安,101230508
1888,鲤城,101230511
1889,泉港,101230514
1890,漳州,101230601
1891,平和,101230604
1892,华安,101230610
1893,吉水,101240603
1894,永丰,101240606
1895,万安,101240609
1896,安福,101240612
1897,青原,101240615
1898,大余,101240705
1899,石城,101240708
1900,会昌,101240711
1901,龙南,101240714
1902,兴国,101240717
1903,景德镇,101240801
1904,昌江,101240804
1905,上栗,101240903
1906,湘东,101240906
1907,鹰潭,101241101
1908,月湖,101241104
1909,长沙,101250101
1910,湘江新区,101250104
1911,芙蓉,101250107
1912,开福,101250110
1913,湘乡,101250203
1914,东安,101251403
1915,宁远,101251406
1916,新田,101251409
1917,零陵,101251412
1918,湄潭,101260205
1919,赤水,101260208
1920,正安,101260211
1921,汇川,101260214
1922,西秀,101260307
1923,瓮安,101260403
1924,惠水,101260406
1925,平塘,101260409
1926,荔波,101260412
1927,岑巩,101260502
1928,黄平,101260505
1929,丹寨,101260508
1930,剑河,101260511
1931,天柱,101260514
1932,从江,101260517
1933,开江,101270603
1934,万源,101270606
1935,蓬溪,101270702
1936,安居,101270705
1937,江阳,101271002
1938,叙永,101271005
1939,龙马潭,101271008
1940,汶川,101271902
1941,松潘,101271905
1942,小金,101271908
1943,壤塘,101271911
1944,广州,101280101
1945,增城,101280104
1946,越秀,101280107
1947,白云,101280110
1948,佛山,101280800
1949,南海,101280803
1950,广宁,101280902
1951,德庆,101280905
1952,高要,101280908
1953,清远,101281301
1954,连山,101281304
1955,英德,101281307
1956,新兴,101281403
1957,云安,101281406
1958,云龙,101290202
1959,宾川,101290205
1960,巍山,101290208
1961,鹤庆,101290211
1962,红河,101290301
1963,弥勒,101290304
1964,开远,101290307
1965,屏边,101290310
1966,河口,101290313
1967,普洱,101290901
1968,澜沧,101290904
1969,江城,101290907
1970,德宏,101291501
1971,盈江,101291504
1972,梁河,101291507
1973,勐海,101291603
1974,城中,101300303
1975,融安,101300306
1976,鱼峰,101300309
1977,贵港,101300801
1978,港北,101300804
1979,北流,101300903
1980,兴业,101300906
1981,东兰,101301203
1982,罗城,101301206
1983,南丹,101301209
1984,金城江,101301212
1985,合浦,101301302
1986,银海,101301305
1987,防城港,101301401
1988,港口,101301404
1989,临高,101310203
1990,昌江,101310206
1991,定安,101310209
1992,文昌,101310212
1993,万宁,101310215
1994,吉阳,101310218
1995,乐东,101310221
1996,西沙,101310302
1997,黄岩岛,101310305
1998,台北,101340101
1999,宜兰,101340104
2000,丰台,101010900
2001,房山,101011200
2002,闵行,101020200
2003,静安,101021400
2004,东丽,101030400
2005,河北,101031600
2006,渝中,101041200
2007,忠县,101042400
2008,秀山,101043600
2009,哈尔滨,101050101
2010,阿城,101050104
2011,巴彦,101050107
2012,延寿,101050110
2013,木兰,101050113
2014,道外,101050116
2015,香坊,101050119
2016,五营,101050803
2017,南岔,101050806
2018,翠峦,101050809
2019,金山屯,101050812
2020,带岭,101050815
2021,林甸,101050902
2022,杜尔伯特,101050905
2023,让胡路,101050908
2024,绥滨,101051202
2025,工农,101051205
2026,东山,101051208
2027,双鸭山,101051301
2028,饶河,101051304
2029,岭东,101051307
2030,德惠,101060103
2031,双阳,101060106
2032,舒兰,101060202
2033,磐石,101060205
2034,龙潭,101060208
2035,延吉,101060301
2036,汪清,101060304
2037,龙井,101060307
2038,新宾,101070402
2039,新抚,101070405
2040,顺城,101070408
2041,本溪,101070501
2042,桓仁,101070504
2043,南芬,101070507
2044,辽阳县,101071002
2045,白塔,101071005
2046,太子河,101071008
2047,红山,101080602
2048,巴林左旗,101080605
2049,克什克腾,101080608
2050,喀喇沁,101080611
2051,敖汉,101080614
2052,松山,101080617
2053,鄂尔多斯,101080701
2054,准格尔,101080704
2055,伊和乌素,101080707
2056,乌审旗,101080710
2057,东胜,101080713
2058,磴口,101080803
2059,乌中旗,101080806
2060,那仁宝力格,101080809
2061,科右中旗,101081103
2062,索伦,101081106
2063,科右前旗,101081109
2064,阿右旗,101081202
2065,吉兰太,101081205
2066,乌斯太,101081211
2067,正定,101090103
2068,灵寿,101090106
2069,赞皇,101090109
2070,元氏,101090112
2071,藁城,101090115
2072,鹿泉,101090118
2073,新华,101090121
2074,唐县,101090205
2075,竞秀,101090208
2076,枣强,101090802
2077,饶阳,101090805
2078,景县,101090808
2079,深州,101090811
2080,邢台,101090901
2081,内丘,101090904
2082,南和,101090907
2083,新河,101090910
2084,威县,101090913
2085,南宫,101090916
2086,桥西,101090919
2087,曲沃,101100702
2088,大宁,101100705
2089,蒲县,101100708
2090,霍州,101100711
2091,侯马,101100714
2092,古县,101100717
2093,运城,101100801
2094,万荣,101100804
2095,绛县,101100807
2096,永济,101100810
2097,平陆,101100813
2098,西安,101110101
2099,蓝田,101110104
2100,高陵,101110107
2101,莲湖,101110110
2102,雁塔,101110113
2103,咸阳,101110200
2104,永寿,101110203
2105,武功,101110206
2106,长武,101110209
2107,秦都,101110212
2108,延川,101110302
2109,富县,101110305
2110,甘泉,101110308
2111,黄龙,101110311
2112,渭滨,101110902
2113,岐山,101110905
2114,眉县,101110908
2115,陇县,101110911
2116,淄博,101120301
2117,高青,101120304
2118,桓台,101120307
2119,临邑,101120403
2120,乐陵,101120406
2121,宁津,101120409
2122,德城,101120412
2123,莱州,101120502
2124,龙口,101120505
2125,钢城,101121603
2126,冠县,101121702
2127,茌平,101121705
2128,东昌府,101121708
2129,吐鲁番,101130501
2130,鄯善,101130504
2131,尉犁,101130603
2132,和静,101130606
2133,巴音郭楞,101130609
2134,博湖,101130612
2135,察布查尔,101131002
2136,巩留,101131005
2137,特克斯,101131008
2138,奎屯,101131011
2139,塔城,101131101
2140,和布克赛尔,101131104
2141,沙湾,101131107
2142,巴里坤,101131203
2143,昆玉,101131920
2144,可克达拉,101132301
2145,拉萨,101140101
2146,湟源,101150103
2147,城中,101150106
2148,乐都,101150202
2149,化隆,101150205
2150,同仁,101150301
2151,河南,101150304
2152,西峰,101160402
2153,合水,101160405
2154,镇原,101160408
2155,武威,101160501
2156,凉州,101160504
2157,金川,101160603
2158,荥阳,101180103
2159,新郑,101180106
2160,中原,101180109
2161,金水,101180112
2162,汤阴,101180202
2163,林州,101180205
2164,殷都,101180208
2165,方城,101180703
2166,内乡,101180706
2167,桐柏,101180712
2168,杞县,101180802
2169,兰考,101180805
2170,鼓楼,101180808
2171,洛阳,101180901
2172,宜阳,101180904
2173,嵩县,101180907
2174,汝阳,101180910
2175,西工,101180913
2176,洛龙,101180916
2177,南乐,101181303
2178,华龙,101181306
2179,扶沟,101181402
2180,西华,101181405
2181,郸城,101181408
2182,川汇,101181411
2183,漯河,101181501
2184,源汇,101181504
2185,无锡,101190201
2186,锡山,101190204
2187,梁溪,101190207
2188,扬中,101190303
2189,京口,101190306
2190,武汉,101200101
2191,新洲,101200104
2192,江岸,101200107
2193,汉阳,101200110
2194,洪山,101200113
2195,保康,101200203
2196,老河口,101200206
2197,襄城,101200209
2198,远安,101200902
2199,西陵,101200905
2200,长阳,101200908
2201,三峡,101200911
2202,点军,101200914
2203,京山,101201403
2204,东宝,101201406
2205,嘉兴,101210301
2206,桐乡,101210304
2207,南湖,101210307
2208,慈溪,101210403
2209,象山,101210406
2210,江北,101210409
2211,镇海,101210412
2212,开化,101211003
2213,衢江,101211006
2214,马鞍山,101220501
2215,和县,101220504
2216,博望,101220507
2217,太湖,101220603
2218,宿松,101220606
2219,桐城,101220609
2220,宜秀,101220612
2221,黄山区,101221002
2222,黟县,101221005
2223,黄山风景区(光明顶,101221008
2224,滁州,101221101
2225,定远,101221104
2226,天长,101221107
2227,杜集,101221203
2228,东山,101230608
2229,龙岩,101230701
2230,武平,101230704
2231,漳平,101230707
2232,清流,101230803
2233,建宁,101230806
2234,尤溪,101230809
2235,梅列,101230812
2236,顺昌,101230902
2237,南昌县,101240103
2238,东湖,101240106
2239,湾里,101240109
2240,瑞昌,101240202
2241,德安,101240205
2242,彭泽,101240208
2243,浔阳,101240211
2244,濂溪,101240214
2245,醴陵,101250303
2246,炎陵,101250306
2247,天元,101250309
2248,衡山,101250402
2249,衡阳县,101250405
2250,耒阳,101250408
2251,雁峰,101250411
2252,郴州,101250501
2253,宜章,101250504
2254,桃源,101250603
2255,临澧,101250606
2256,武陵,101250609
2257,永顺,101251503
2258,泸溪,101251506
2259,湘西,101251509
2260,江口,101260602
2261,思南,101260605
2262,石阡,101260608
2263,松桃,101260611
2264,毕节,101260701
2265,威宁,101260704
2266,织金,101260707
2267,六盘水,101260803
2268,新都,101270103
2269,双流,101270106
2270,仁和,101270202
2271,东区,101270205
2272,岳池,101270802
2273,华蓥,101270805
2274,巴中,101270901
2275,平昌,101270904
2276,翠屏,101271102
2277,江安,101271105
2278,珙县,101271108
2279,屏山,101271111
2280,内江,101271201
2281,资中,101271204
2282,乐至,101271303
2283,犍为,101271402
2284,沐川,101271405
2285,沙湾,101271411
2286,峨眉山市,101271414
2287,眉山,101271501
2288,洪雅,101271504
2289,东坡,101271507
2290,韶关,101280201
2291,翁源,101280204
2292,南雄,101280207
2293,浈江,101280210
2294,惠阳,101280303
2295,惠城,101280306
2296,梅江,101280405
2297,潮安,101281503
2298,茂名,101282001
2299,电白,101282004
2300,茂南,101282007
2301,曲靖,101290401
2302,富源,101290404
2303,罗平,101290407
2304,麒麟,101290410
2305,龙陵,101290503
2306,腾冲,101290506
2307,昭通,101291001
2308,镇雄,101291004
2309,绥江,101291007
2310,大关,101291010
2311,耿马,101291103
2312,永德,101291106
2313,临翔,101291109
2314,邕宁,101300103
2315,马山,101300106
2316,宾阳,101300109
2317,西乡塘,101300112
2318,天等,101300202
2319,大新,101300205
2320,江州,101300208
2321,秀峰,101300502
2322,临桂,101300505
2323,全州,101300508
2324,恭城,101300511
2325,资源,101300514
2326,七星,101300517
2327,香港,101320101
2328,路环岛,101330103
2329,高雄,101340201
2330,台东,101340204
2331,苗栗,101340402
2332,花莲,101340405
2333,昌平,101010700
2334,密云,101011300
2335,宝山,101020300
2336,普陀,101021500
2337,西青,101030500
2338,红桥,101031700
2339,渝北,101040700
2340,长寿,101041000
2341,奉节,101041900
2342,石柱,101042500
2343,江北,101043700
2344,双城,101050102
2345,宾县,101050105
2346,通河,101050108
2347,尚志,101050111
2348,道里,101050114
2349,平房,101050117
2350,伊春,101050801
2351,铁力,101050804
2352,友好,101050807
2353,新青,101050810
2354,乌马河,101050813
2355,红星,101050816
2356,肇州,101050903
2357,萨尔图,101050906
2358,红岗,101050909
2359,萝北,101051203
2360,南山,101051206
2361,兴山,101051209
2362,集贤,101051302
2363,友谊,101051305
2364,四方台,101051308
2365,长春,101060101
2366,九台,101060104
2367,永吉,101060203
2368,桦甸,101060206
2369,船营,101060209
2370,敦化,101060302
2371,和龙,101060305
2372,珲春,101060308
2373,清原,101070403
2374,东洲,101070406
2375,本溪县,101070502
2376,溪湖,101070505
2377,灯塔,101071003
2378,文圣,101071006
2379,阿鲁旗,101080603
2380,巴林右旗,101080606
2381,翁牛特,101080609
2382,八里罕,101080612
2383,富河,101080618
2384,鄂前旗,101080705
2385,鄂托克,101080708
2386,伊金霍洛,101080711
2387,康巴什,101080714
2388,临河,101080801
2389,乌前旗,101080804
2390,乌后旗,101080807
2391,杭锦后旗,101080810
2392,乌兰浩特,101081101
2393,胡尔勒,101081104
2394,突泉,101081107
2395,高力板,101081110
2396,额济纳,101081203
2397,巴彦诺日公,101081209
2398,孪井滩,101081212
2399,石家庄,101090101
2400,栾城,101090104
2401,高邑,101090107
2402,无极,101090110
2403,赵县,101090113
2404,晋州,101090116
2405,长安,101090119
2406,井陉矿区,101090122
2407,阜平,101090203
2408,高阳,101090206
2409,涞源,101090209
2410,易县,101090212
2411,蠡县,101090215
2412,涿州,101090218
2413,武邑,101090803
2414,安平,101090806
2415,阜城,101090809
2416,桃城,101090812
2417,临城,101090902
2418,柏乡,101090905
2419,宁晋,101090908
2420,广宗,101090911
2421,清河,101090914
2422,沙河,101090917
2423,永和,101100703
2424,吉县,101100706
2425,汾西,101100709
2426,乡宁,101100712
2427,浮山,101100715
2428,尧都,101100718
2429,临猗,101100802
2430,河津,101100805
2431,闻喜,101100808
2432,芮城,101100811
2433,盐湖,101100814
2434,长安,101110102
2435,周至,101110105
2436,新城,101110108
2437,灞桥,101110111
2438,阎良,101110114
2439,三原,101110201
2440,淳化,101110204
2441,乾县,101110207
2442,旬邑,101110210
2443,渭城,101110213
2444,延安,101110300
2445,子长,101110303
2446,志丹,101110306
2447,洛川,101110309
2448,吴起,101110312
2449,千阳,101110903
2450,凤翔,101110906
2451,太白,101110909
2452,陈仓,101110912
2453,淄川,101120302
2454,周村,101120305
2455,临淄,101120308
2456,德州,101120401
2457,陵县,101120404
2458,庆云,101120407
2459,夏津,101120410
2460,陵城,101120413
2461,长岛,101120503
2462,招远,101120506
2463,莱芜,101121601
2464,阳谷,101121703
2465,东阿,101121706
2466,莘县,101121709
2467,托克逊,101130502
2468,库尔勒,101130601
2469,若羌,101130604
2470,焉耆,101130607
2471,巴音布鲁克,101130610
2472,塔中,101130613
2473,尼勒克,101131003
2474,新源,101131006
2475,霍城,101131009
2476,伊犁,101131012
2477,裕民,101131102
2478,托里,101131105
2479,哈密,101131201
2480,伊吾,101131204
2481,西宁,101150101
2482,湟中,101150104
2483,城西,101150107
2484,民和,101150203
2485,循化,101150206
2486,尖扎,101150302
2487,黄南,101150305
2488,环县,101160403
2489,正宁,101160406
2490,庆城,101160409
2491,民勤,101160502
2492,天祝,101160505
2493,金昌,101160601
2494,郑州,101180101
2495,登封,101180104
2496,中牟,101180107
2497,二七,101180110
2498,惠济,101180113
2499,滑县,101180203
2500,文峰,101180206
2501,龙安,101180209
2502,南阳,101180701
2503,镇平,101180707
2504,唐河,101180710
2505,宛城,101180713
2506,尉氏,101180803
2507,龙亭,101180806
2508,禹王台,101180809
2509,新安,101180902
2510,洛宁,101180905
2511,偃师,101180908
2512,吉利,101180911
2513,瀍河,101180914
2514,濮阳,101181301
2515,清丰,101181304
2516,太康,101181403
2517,商水,101181406
2518,鹿邑,101181409
2519,临颍,101181502
2520,郾城,101181505
2521,江阴,101190202
2522,惠山,101190205
2523,新吴,101190208
2524,镇江,101190301
2525,句容,101190304
2526,润州,101190307
2527,蔡甸,101200102
2528,江夏,101200105
2529,江汉,101200108
2530,武昌,101200111
2531,汉南,101200114
2532,襄阳,101200201
2533,南漳,101200204
2534,谷城,101200207
2535,樊城,101200210
2536,秭归,101200903
2537,五峰,101200906
2538,宜都,101200909
2539,夷陵,101200912
2540,猇亭,101200915
2541,荆门,101201401
2542,掇刀,101201404
2543,嘉善,101210302
2544,平湖,101210305
2545,秀洲,101210308
2546,宁波,101210401
2547,余姚,101210404
2548,北仑,101210410
2549,衢州,101211001
2550,龙游,101211004
2551,柯城,101211007
2552,当涂,101220502
2553,花山,101220505
2554,安庆,101220601
2555,潜山,101220604
2556,望江,101220607
2557,迎江,101220610
2558,屯溪,101221003
2559,歙县,101221006
2560,徽州,101221009
2561,凤阳,101221102
2562,全椒,101221105
2563,琅琊,101221108
2564,淮北,101221201
2565,相山,101221204
2566,云霄,101230609
2567,长汀,101230702
2568,上杭,101230705
2569,新罗,101230708
2570,三明,101230801
2571,泰宁,101230804
2572,明溪,101230807
2573,永安,101230810
2574,三元,101230813
2575,光泽,101230903
2576,南昌,101240101
2577,安义,101240104
2578,西湖,101240107
2579,青山湖,101240110
2580,庐山,101240203
2581,永修,101240206
2582,修水,101240212
2583,柴桑,101240215
2584,株洲,101250301
2585,荷塘,101250304
2586,芦淞,101250307
2587,衡东,101250403
2588,常宁,101250406
2589,南岳,101250409
2590,石鼓,101250412
2591,桂阳,101250502
2592,临武,101250505
2593,常德,101250601
2594,汉寿,101250604
2595,石门,101250607
2596,鼎城,101250610
2597,吉首,101251501
2598,古丈,101251504
2599,龙山,101251507
2600,玉屏,101260603
2601,碧江,101260606
2602,沿河,101260609
2603,赫章,101260702
2604,大方,101260705
2605,黔西,101260708
2606,盘州,101260804
2607,成都,101270101
2608,温江,101270104
2609,郫都,101270107
2610,米易,101270203
2611,西区,101270206
2612,武胜,101270803
2613,前锋,101270806
2614,通江,101270902
2615,巴州,101270905
2616,宜宾县,101271103
2617,长宁,101271106
2618,筠连,101271109
2619,东兴,101271202
2620,隆昌,101271205
2621,资阳,101271301
2622,井研,101271403
2623,峨边,101271406
2624,峨眉山,101271409
2625,五通桥,101271412
2626,仁寿,101271502
2627,丹棱,101271505
2628,乳源,101280202
2629,乐昌,101280205
2630,新丰,101280208
2631,武江,101280211
2632,惠州,101280301
2633,惠东,101280304
2634,丰顺,101280406
2635,梅县,101280409
2636,潮州,101281501
2637,湘桥,101281504
2638,高州,101282002
2639,信宜,101282005
2640,沾益,101290402
2641,马龙,101290405
2642,会泽,101290408
2643,保山,101290501
2644,施甸,101290504
2645,鲁甸,101291002
2646,威信,101291005
2647,永善,101291008
2648,水富,101291011
2649,临沧,101291101
2650,双江,101291104
2651,云县,101291107
2652,南宁,101300101
2653,横县,101300104
2654,上林,101300107
2655,青秀,101300110
2656,良庆,101300113
2657,龙州,101300203
2658,扶绥,101300206
2659,龙胜,101300503
2660,兴安,101300506
2661,灌阳,101300509
2662,平乐,101300512
2663,叠彩,101300515
2664,雁山,101300518
2665,九龙,101320102
2666,澳门,101330101
2667,嘉义,101340202
2668,屏东,101340205
2669,彰化,101340403
2670,云林,101340406
2671,延庆,101010800
2672,上海,101020100
2673,虹口,101021600
2674,宝坻,101030300
2675,黔江,101041100
2676,梁平,101042300
2677,沙坪坝,101043800
2678,开州,101044100
2679,呼兰,101050103
2680,依兰,101050106
2681,方正,101050109
2682,五常,101050112
2683,南岗,101050115
2684,松北,101050118
2685,乌伊岭,101050802
2686,嘉荫,101050805
2687,西林,101050808
2688,美溪,101050811
2689,汤旺河,101050814
2690,上甘岭,101050817
2691,大庆,101050901
2692,肇源,101050904
2693,龙凤,101050907
2694,大同,101050910
2695,鹤岗,101051201
2696,向阳,101051204
2697,兴安,101051207
2698,宝清,101051303
2699,尖山,101051306
2700,宝山,101051309
2701,农安,101060102
2702,榆树,101060105
2703,吉林,101060201
2704,蛟河,101060204
2705,昌邑,101060207
2706,丰满,101060210
2707,安图,101060303
2708,延边,101060306
2709,图们,101060309
2710,抚顺,101070401
2711,望花,101070407
2712,平山,101070503
2713,明山,101070506
2714,辽阳,101071001
2715,弓长岭,101071004
2716,宏伟,101071007
2717,赤峰,101080601
2718,林西,101080607
2719,岗子,101080610
2720,宁城,101080613
2721,元宝山,101080616
2722,宝国图,101080619
2723,达拉特,101080703
2724,河南,101080706
2725,杭锦旗,101080709
2726,乌审召,101080712
2727,五原,101080802
2728,大佘太,101080805
2729,海力素,101080808
2730,巴彦淖尔,101080811
2731,阿尔山,101081102
2732,扎赉特,101081105
2733,兴安盟,101081108
2734,阿左旗,101081201
2735,拐子湖,101081204
2736,雅布赖,101081210
2737,阿拉善盟,101081213
2738,井陉,101090102
2739,行唐,101090105
2740,深泽,101090108
2741,平山,101090111
2742,辛集,101090114
2743,新乐,101090117
2744,桥西,101090120
2745,裕华,101090123
2746,徐水,101090204
2747,望都,101090210
2748,莲池,101090213
2749,定州,101090219
2750,衡水,101090801
2751,武强,101090804
2752,故城,101090807
2753,冀州,101090810
2754,桥东,101090903
2755,隆尧,101090906
2756,巨鹿,101090909
2757,平乡,101090912
2758,临西,101090915
2759,任县,101090918
2760,临汾,101100701
2761,隰县,101100704
2762,襄汾,101100707
2763,洪洞,101100710
2764,翼城,101100713
2765,安泽,101100716
2766,稷山,101100803
2767,新绛,101100806
2768,垣曲,101100809
2769,夏县,101100812
2770,临潼,101110103
2771,鄠邑,101110106
2772,碑林,101110109
2773,未央,101110112
2774,礼泉,101110202
2775,泾阳,101110205
2776,彬县,101110208
2777,兴平,101110211
2778,延长,101110301
2779,宜川,101110304
2780,安塞,101110307
2781,黄陵,101110310
2782,宝塔,101110313
2783,宝鸡,101110901
2784,麟游,101110904
2785,扶风,101110907
2786,凤县,101110910
2787,金台,101110913
2788,博山,101120303
2789,沂源,101120306
2790,张店,101120309
2791,武城,101120402
2792,齐河,101120405
2793,平原,101120408
2794,禹城,101120411
2795,烟台,101120501
2796,蓬莱,101120504
2797,栖霞,101120507
2798,莱阳,101120510
2799,莱城,101121602
2800,聊城,101121701
2801,高唐,101121704
2802,临清,101121707
2803,高昌,101130503
2804,轮台,101130602
2805,且末,101130605
2806,和硕,101130608
2807,铁干里克,101130611
2808,巴仑台,101130614
2809,阿拉尔,101130701
2810,伊宁,101131001
2811,伊宁县,101131004
2812,昭苏,101131007
2813,霍尔果斯,101131010
2814,额敏,101131103
2815,乌苏,101131106
2816,伊州,101131202
2817,铁门关,101131901
2818,大通,101150102
2819,城东,101150105
2820,城北,101150108
2821,平安,101150201
2822,互助,101150204
2823,海东,101150207
2824,泽库,101150303
2825,庆阳,101160401
2826,华池,101160404
2827,宁县,101160407
2828,古浪,101160503
2829,永昌,101160602
2830,巩义,101180102
2831,新密,101180105
2832,上街,101180108
2833,管城,101180111
2834,安阳,101180201
2835,内黄,101180204
2836,北关,101180207
2837,南召,101180702
2838,邓州,101180711
2839,卧龙,101180714
2840,开封,101180801
2841,通许,101180804
2842,顺河,101180807
2843,祥符,101180810
2844,孟津,101180903
2845,伊川,101180906
2846,栾川,101180909
2847,老城,101180912
2848,涧西,101180915
2849,台前,101181302
2850,范县,101181305
2851,周口,101181401
2852,淮阳,101181404
2853,项城,101181407
2854,沈丘,101181410
2855,舞阳,101181503
2856,召陵,101181506
2857,宜兴,101190203
2858,滨湖,101190206
2859,丹阳,101190302
2860,丹徒,101190305
2861,黄陂,101200103
2862,东西湖,101200106
2863,硚口,101200109
2864,青山,101200112
2865,襄州,101200202
2866,宜城,101200205
2867,枣阳,101200208
2868,宜昌,101200901
2869,兴山,101200904
2870,当阳,101200907
2871,枝江,101200910
2872,伍家岗,101200913
2873,钟祥,101201402
2874,沙洋,101201405
2875,天门,101201501
2876,海宁,101210303
2877,海盐,101210306
2878,海曙,101210402
2879,奉化,101210405
2880,宁海,101210408
2881,鄞州,101210411
2882,常山,101211002
2883,江山,101211005
2884,含山,101220503
2885,雨山,101220506
2886,怀宁,101220605
2887,岳西,101220608
2888,大观,101220611
2889,黄山,101221001
2890,祁门,101221004
2891,休宁,101221007
2892,明光,101221103
2893,来安,101221106
2894,南谯,101221109
2895,濉溪,101221202
2896,烈山,101221205
2897,诏安,101230607
2898,连城,101230703
2899,永定,101230706
2900,宁化,101230802
2901,将乐,101230805
2902,沙县,101230808
2903,大田,101230811
2904,南平,101230901
2905,新建,101240102
2906,进贤,101240105
2907,青云谱,101240108
2908,九江,101240201
2909,武宁,101240204
2910,湖口,101240207
2911,都昌,101240210
2912,共青城,101240213
2913,攸县,101250302
2914,茶陵,101250305
2915,石峰,101250308
2916,衡阳,101250401
2917,祁东,101250404
2918,衡南,101250407
2919,珠晖,101250410
2920,蒸湘,101250413
2921,嘉禾,101250503
2922,安乡,101250602
2923,澧县,101250605
2924,津市,101250608
2925,保靖,101251502
2926,凤凰,101251505
2927,花垣,101251508
2928,铜仁,101260601
2929,万山,101260604
2930,印江,101260607
2931,德江,101260610
2932,金沙,101260703
2933,纳雍,101260706
2934,七星关,101260709
2935,六枝,101260802
2936,钟山,101260805
2937,龙泉驿,101270102
2938,金堂,101270105
2939,攀枝花,101270201
2940,盐边,101270204
2941,广安,101270801
2942,邻水,101270804
2943,南江,101270903
2944,恩阳,101270906
2945,宜宾,101271101
2946,南溪,101271104
2947,高县,101271107
2948,兴文,101271110
2949,威远,101271203
2950,市中,101271206
2951,安岳,101271302
2952,雁江,101271305
2953,乐山,101271401
2954,夹江,101271404
2955,马边,101271407
2956,市中,101271410
2957,金口河,101271413
2958,彭山,101271503
2959,青神,101271506
2960,始兴,101280203
2961,仁化,101280206
2962,曲江,101280209
2963,博罗,101280302
2964,龙门,101280305
2965,大埔,101280404
2966,平远,101280407
2967,饶平,101281502
2968,东莞,101281601
2969,化州,101282003
2970,陆良,101290403
2971,师宗,101290406
2972,宣威,101290409
2973,隆阳,101290502
2974,昌宁,101290505
2975,彝良,101291003
2976,巧家,101291006
2977,盐津,101291009
2978,昭阳,101291012
2979,沧源,101291102
2980,凤庆,101291105
2981,镇康,101291108
2982,兴宁,101300102
2983,隆安,101300105
2984,武鸣,101300108
2985,江南,101300111
2986,崇左,101300201
2987,凭祥,101300204
2988,宁明,101300207
2989,桂林,101300501
2990,永福,101300504
2991,灵川,101300507
2992,阳朔,101300510
2993,荔浦,101300513
2994,象山,101300516
2995,新界,101320103
2996,氹仔岛,101330102
2997,台南,101340203
2998,台中,101340401
2999,南投,101340404
3000,津南,101031000
3001,丰都,101043000
3002,九龙坡,101043900
3003,龙江,101050203
3004,依安,101050206
3005,克东,101050209
3006,建华,101050212
3007,富拉尔基,101050215
3008,梨树,101060403
3009,铁西,101060406
3010,宽甸,101070603
3011,振兴,101070606
3012,铁岭,101071101
3013,西丰,101071104
3014,清河,101071107
3015,满城,101090202
3016,曲阳,101090214
3017,安国,101090220
3018,定兴,101090223
3019,清徐,101100102
3020,古交,101100105
3021,迎泽,101100108
3022,晋源,101100111
3023,山阴,101100903
3024,怀仁,101100906
3025,福山,101120508
3026,海阳,101120511
3027,郓城,101121003
3028,巨野,101121006
3029,单县,101121009
3030,阿克苏,101130801
3031,拜城,101130804
3032,库车,101130807
3033,林周,101140104
3034,达孜,101140107
3035,兴海,101150406
3036,成县,101161002
3037,康县,101161005
3038,徽县,101161008
3039,常熟,101190402
3040,吴中,101190405
3041,太仓,101190408
3042,梁子湖,101200302
3043,仙桃,101201601
3044,诸暨,101210502
3045,嵊州,101210505
3046,砀山,101220702
3047,萧县,101220705
3048,福州,101230101
3049,罗源,101230104
3050,永泰,101230107
3051,长乐,101230110
3052,马尾,101230113
3053,武夷山,101230905
3054,松溪,101230908
3055,延平,101230911
3056,上饶,101240301
3057,信州,101240304
3058,德兴,101240307
3059,横峰,101240310
3060,广丰,101240313
3061,资兴,101250507
3062,永兴,101250510
3063,华容,101251002
3064,平江,101251005
3065,云溪,101251008
3066,蒲江,101270109
3067,彭州,101270112
3068,青白江,101270115
3069,金牛,101270118
3070,简阳,101270121
3071,兴宁,101280402
3072,五华,101280408
3073,中山,101281701
3074,陆丰,101282103
3075,西畴,101290602
3076,砚山,101290605
3077,富宁,101290608
3078,金秀,101300403
3079,合山,101300406
3080,北京,101010100
3081,齐齐哈尔,101050201
3082,甘南,101050204
3083,拜泉,101050207
3084,泰来,101050210
3085,铁锋,101050213
3086,碾子山,101050216
3087,四平,101060401
3088,公主岭,101060404
3089,铁东,101060407
3090,丹东,101070601
3091,东港,101070604
3092,振安,101070607
3093,开原,101071102
3094,调兵山,101071105
3095,高碑店,101090221
3096,清苑,101090224
3097,阳曲,101100103
3098,尖草坪区,101100106
3099,杏花岭,101100109
3100,朔州,101100901
3101,右玉,101100904
3102,朔城,101100907
3103,牟平,101120509
3104,芝罘,101120512
3105,菏泽,101121001
3106,东明,101121004
3107,曹县,101121007
3108,牡丹,101121010
3109,乌什,101130802
3110,新和,101130805
3111,柯坪,101130808
3112,当雄,101140102
3113,堆龙德庆,101140105
3114,墨竹工卡,101140108
3115,共和,101150401
3116,贵德,101150404
3117,贵南,101150407
3118,文县,101161003
3119,西和,101161006
3120,两当,101161009
3121,张家港,101190403
3122,虎丘,101190406
3123,相城,101190409
3124,华容,101200303
3125,上虞,101210503
3126,柯桥,101210506
3127,灵璧,101220703
3128,埇桥,101220706
3129,闽清,101230102
3130,连江,101230105
3131,平潭,101230108
3132,福清,101230111
3133,晋安,101230114
3134,浦城,101230906
3135,政和,101230909
3136,鄱阳,101240302
3137,余干,101240305
3138,上饶县,101240308
3139,铅山,101240311
3140,汝城,101250508
3141,桂东,101250511
3142,湘阴,101251003
3143,临湘,101251006
3144,君山,101251009
3145,水城,101260801
3146,新津,101270110
3147,邛崃,101270113
3148,锦江,101270116
3149,武侯,101270119
3150,蕉岭,101280403
3151,汕尾,101282101
3152,陆河,101282104
3153,马关,101290603
3154,丘北,101290606
3155,来宾,101300401
3156,象州,101300404
3157,兴宾,101300407
3158,门头沟,101011400
3159,北辰,101030600
3160,北碚,101040800
3161,大足,101042600
3162,讷河,101050202
3163,富裕,101050205
3164,克山,101050208
3165,龙沙,101050211
3166,昂昂溪,101050214
3167,梅里斯,101050217
3168,双辽,101060402
3169,伊通,101060405
3170,凤城,101070602
3171,元宝,101070605
3172,昌图,101071103
3173,银州,101071106
3174,保定,101090201
3175,顺平,101090216
3176,涞水,101090222
3177,博野,101090225
3178,太原,101100101
3179,娄烦,101100104
3180,小店区,101100107
3181,万柏林,101100110
3182,平鲁,101100902
3183,应县,101100905
3184,莱山,101120513
3185,鄄城,101121002
3186,定陶,101121005
3187,成武,101121008
3188,温宿,101130803
3189,沙雅,101130806
3190,阿瓦提,101130809
3191,尼木,101140103
3192,曲水,101140106
3193,城关,101140109
3194,海南,101150402
3195,同德,101150408
3196,武都,101161001
3197,宕昌,101161004
3198,礼县,101161007
3199,陇南,101161010
3200,苏州,101190401
3201,昆山,101190404
3202,吴江,101190407
3203,姑苏,101190410
3204,鄂州,101200301
3205,鄂城,101200304
3206,越城,101210501
3207,新昌,101210504
3208,绍兴,101210507
3209,宿州,101220701
3210,泗县,101220704
3211,闽侯,101230103
3212,鼓楼,101230106
3213,台江,101230109
3214,仓山,101230112
3215,邵武,101230904
3216,建阳,101230907
3217,建瓯,101230910
3218,婺源,101240303
3219,万年,101240306
3220,弋阳,101240309
3221,玉山,101240312
3222,北湖,101250506
3223,安仁,101250509
3224,苏仙,101250512
3225,岳阳,101251001
3226,汨罗,101251004
3227,岳阳楼区,101251007
3228,大邑,101270108
3229,都江堰,101270111
3230,崇州,101270114
3231,青羊,101270117
3232,成华,101270120
3233,梅州,101280401
3234,海丰,101282102
3235,文山,101290601
3236,麻栗坡,101290604
3237,广南,101290607
3238,忻城,101300402
3239,武宣,101300405
